x,rho,u,p,A
0.00023287625418060205,1.5179089180225578,147.37946291342942,117546.28159993565,1.29
0.0006986287625418059,1.5024388893843839,150.73217572435587,115878.40860354176,1.29
0.0011643812709030098,1.4980403559425428,151.69393804474828,115404.26175493449,1.29
0.001630133779264214,1.4967848349688369,151.96908880513607,115268.95148593184,1.29
0.0020958862876254173,1.4964262056872757,152.04774336359299,115230.29829463596,1.29
0.002561638795986622,1.4963241190296166,152.0702254254616,115219.25339972625,1.29
0.0030273913043478255,1.4962954578613636,152.07665537765592,115216.09660992038,1.29
0.003493143812709029,1.4962874199628076,152.0784876389354,115215.18664361133,1.29
0.003958896321070233,1.4962848081746085,152.07901567731875,115214.92236446691,1.29
0.004424648829431437,1.4962837744623698,152.07917026038407,115214.8508977807,1.29
0.004890401337792641,1.496283403144122,152.0792101666911,115214.83581886328,1.29
0.005356153846153845,1.49628329322079,152.07921743553692,115214.8348509775,1.29
0.005821906354515049,1.4962832707315206,152.07921687564374,115214.83578678047,1.29
0.006287658862876253,1.4962832692353956,152.07921592638667,115214.83648737427,1.29
0.006753411371237457,1.4962832705215579,152.07921545283412,115214.83671030759,1.29
0.007219163879598661,1.496283271126253,152.07921532563918,115214.83674082544,1.29
0.007684916387959865,1.4962832711860574,152.07921531857093,115214.83673823804,1.29
0.00815066889632107,1.4962832711110297,152.07921533515758,115214.83672889939,1.29
0.008616421404682273,1.4962832710683913,152.07921534212477,115214.83672645008,1.29
0.009082173913043477,1.496283271058005,152.07921534328975,115214.83672619301,1.29
0.009547926421404682,1.496283271058505,152.07921534279487,115214.8367264934,1.29
0.010013678929765886,1.4962832710589762,152.0792153425634,115214.83672661164,1.29
0.01047943143812709,1.4962832710583893,152.07921534264668,115214.83672656592,1.29
0.010945183946488293,1.4962832710577982,152.07921534275673,115214.83672650524,1.29
0.011410936454849497,1.4962832710574723,152.07921534281667,115214.83672646868,1.29
0.0118766889632107,1.4962832710572402,152.07921534285828,115214.83672644095,1.29
0.012342441471571906,1.4962832710569975,152.0792153429031,115214.83672641167,1.29
0.01280819397993311,1.4962832710567415,152.07921534295102,115214.83672638074,1.29
0.013273946488294313,1.4962832710564877,152.07921534299837,115214.8367263501,1.29
0.013739698996655517,1.4962832710562417,152.07921534304415,115214.83672632017,1.29
0.01420545150501672,1.4962832710560008,152.0792153430887,115214.8367262908,1.29
0.014671204013377926,1.4962832710557628,152.07921534313238,115214.83672626172,1.29
0.01513695652173913,1.4962832710555283,152.0792153431752,115214.83672623309,1.29
0.015602709030100333,1.4962832710552978,152.07921534321724,115214.83672620481,1.29
0.016068461538461535,1.4962832710550718,152.07921534325828,115214.83672617692,1.29
0.01653421404682274,1.4962832710548493,152.07921534329844,115214.83672614947,1.29
0.016999966555183942,1.4962832710546305,152.07921534333772,115214.83672612242,1.29
0.017465719063545146,1.4962832710544156,152.07921534337606,115214.83672609576,1.29
0.01793147157190635,1.4962832710542058,152.07921534341335,115214.8367260695,1.29
0.018397224080267553,1.4962832710539995,152.0792153434497,115214.8367260437,1.29
0.018862976588628757,1.4962832710537972,152.0792153434853,115214.83672601815,1.29
0.01932872909698996,1.4962832710535987,152.07921534352002,115214.83672599304,1.29
0.019794481605351168,1.4962832710534035,152.07921534355373,115214.83672596826,1.29
0.02026023411371237,1.496283271053212,152.0792153435867,115214.83672594393,1.29
0.020725986622073575,1.4962832710530245,152.0792153436186,115214.83672591999,1.29
0.02119173913043478,1.4962832710528409,152.07921534364962,115214.83672589647,1.29
0.021657491638795982,1.4962832710526615,152.0792153436797,115214.8367258734,1.29
0.022123244147157186,1.4962832710524863,152.07921534370888,115214.83672585068,1.29
0.02258899665551839,1.4962832710523157,152.07921534373708,115214.83672582835,1.29
0.023054749163879593,1.4962832710521485,152.07921534376436,115214.83672580644,1.29
0.023520501672240797,1.496283271051985,152.07921534379068,115214.83672578493,1.29
0.023986254180602,1.4962832710518248,152.0792153438161,115214.83672576379,1.29
0.024452006688963204,1.4962832710516676,152.07921534384076,115214.83672574298,1.29
0.024917759197324408,1.4962832710515146,152.0792153438645,115214.83672572253,1.29
0.02538351170568561,1.496283271051365,152.07921534388734,115214.83672570248,1.29
0.02584926421404682,1.4962832710512186,152.07921534390942,115214.83672568279,1.29
0.026315016722408022,1.496283271051076,152.0792153439306,115214.83672566351,1.29
0.026780769230769226,1.4962832710509373,152.07921534395092,115214.83672564453,1.29
0.02724652173913043,1.4962832710508025,152.0792153439704,115214.83672562598,1.29
0.027712274247491633,1.4962832710506715,152.07921534398912,115214.83672560779,1.29
0.028178026755852837,1.4962832710505447,152.0792153440069,115214.83672559005,1.29
0.02864377926421404,1.4962832710504212,152.079215344024,115214.83672557266,1.29
0.029109531772575244,1.4962832710503007,152.07921534404002,115214.83672555556,1.29
0.029575284280936448,1.4962832710501837,152.07921534405523,115214.83672553884,1.29
0.03004103678929765,1.4962832710500704,152.07921534406958,115214.83672552249,1.29
0.03050678929765886,1.4962832710499605,152.07921534408297,115214.83672550651,1.29
0.03097254180602006,1.4962832710498541,152.0792153440956,115214.83672549084,1.29
0.03143829431438127,1.4962832710497511,152.07921534410744,115214.83672547563,1.29
0.03190404682274247,1.4962832710496514,152.07921534411844,115214.83672546071,1.29
0.03236979933110368,1.496283271049555,152.07921534412864,115214.83672544613,1.29
0.03283555183946488,1.4962832710494627,152.0792153441377,115214.83672543193,1.29
0.033301304347826084,1.496283271049373,152.07921534414615,115214.8367254181,1.29
0.033767056856187284,1.4962832710492864,152.07921534415382,115214.83672540462,1.29
0.03423280936454849,1.4962832710492033,152.07921534416073,115214.83672539142,1.29
0.0346985618729097,1.4962832710491238,152.07921534416687,115214.83672537861,1.29
0.0351643143812709,1.4962832710490475,152.07921534417204,115214.83672536616,1.29
0.035630066889632106,1.4962832710489746,152.07921534417642,115214.83672535405,1.29
0.036095819397993306,1.4962832710489045,152.07921534417994,115214.83672534228,1.29
0.03656157190635451,1.4962832710488378,152.0792153441827,115214.83672533091,1.29
0.037027324414715714,1.4962832710487748,152.07921534418463,115214.83672531985,1.29
0.03749307692307692,1.4962832710487144,152.0792153441857,115214.83672530914,1.29
0.03795882943143812,1.4962832710486564,152.07921534418605,115214.83672529875,1.29
0.03842458193979933,1.4962832710486016,152.07921534418563,115214.83672528858,1.29
0.03889033444816053,1.4962832710485494,152.07921534418455,115214.83672527876,1.29
0.039356086956521735,1.496283271048501,152.07921534418267,115214.83672526923,1.29
0.039821839464882935,1.4962832710484553,152.07921534418003,115214.83672525999,1.29
0.04028759197324414,1.4962832710484122,152.07921534417687,115214.83672525105,1.29
0.04075334448160535,1.4962832710483724,152.07921534417298,115214.83672524251,1.29
0.04121909698996655,1.4962832710483362,152.07921534416818,115214.8367252343,1.29
0.04168484949832776,1.4962832710483034,152.07921534416266,115214.83672522641,1.29
0.04215060200668896,1.4962832710482734,152.07921534415644,115214.83672521888,1.29
0.042616354515050164,1.4962832710482459,152.07921534414945,115214.83672521159,1.29
0.043082107023411365,1.4962832710482212,152.07921534414174,115214.8367252046,1.29
0.04354785953177257,1.4962832710481995,152.07921534413333,115214.83672519786,1.29
0.04401361204013377,1.4962832710481802,152.0792153441241,115214.83672519149,1.29
0.04447936454849498,1.4962832710481626,152.07921534411426,115214.8367251854,1.29
0.04494511705685618,1.496283271048148,152.07921534410363,115214.83672517966,1.29
0.045410869565217386,1.496283271048136,152.07921534409226,115214.83672517417,1.29
0.045876622073578587,1.4962832710481262,152.0792153440802,115214.83672516893,1.29
0.046342374581939794,1.4962832710481189,152.0792153440675,115214.83672516399,1.29
0.046808127090301,1.4962832710481142,152.07921534405418,115214.83672515932,1.29
0.0472738795986622,1.496283271048112,152.07921534404022,115214.83672515486,1.29
0.04773963210702341,1.496283271048112,152.07921534402556,115214.83672515066,1.29
0.04820538461538461,1.4962832710481135,152.07921534401024,115214.83672514674,1.29
0.048671137123745815,1.496283271048117,152.07921534399432,115214.83672514309,1.29
0.049136889632107016,1.496283271048123,152.07921534397758,115214.83672513973,1.29
0.04960264214046822,1.496283271048131,152.07921534396039,115214.83672513657,1.29
0.05006839464882942,1.496283271048142,152.07921534394248,115214.83672513378,1.29
0.05053414715719063,1.4962832710481557,152.07921534392395,115214.83672513122,1.29
0.05099989966555183,1.4962832710481722,152.0792153439047,115214.83672512895,1.29
0.05146565217391304,1.4962832710481908,152.07921534388493,115214.83672512692,1.29
0.05193140468227424,1.4962832710482126,152.07921534386435,115214.8367251252,1.29
0.052397157190635445,1.4962832710482363,152.07921534384323,115214.83672512369,1.29
0.05286290969899665,1.496283271048261,152.07921534382152,115214.83672512241,1.29
0.05332866220735785,1.4962832710482872,152.0792153437992,115214.83672512144,1.29
0.05379441471571906,1.4962832710483158,152.07921534377635,115214.83672512062,1.29
0.05426016722408026,1.4962832710483465,152.07921534375288,115214.83672512008,1.29
0.054725919732441466,1.4962832710483793,152.07921534372892,115214.83672511973,1.29
0.05519167224080267,1.496283271048414,152.07921534370425,115214.83672511966,1.29
0.055657424749163874,1.4962832710484502,152.07921534367907,115214.83672511978,1.29
0.056123177257525074,1.4962832710484888,152.07921534365337,115214.83672512013,1.29
0.05658892976588628,1.4962832710485299,152.07921534362708,115214.83672512075,1.29
0.05705468227424748,1.4962832710485725,152.0792153436003,115214.83672512155,1.29
0.05752043478260869,1.496283271048617,152.079215343573,115214.83672512257,1.29
0.05798618729096989,1.4962832710486629,152.07921534354523,115214.83672512378,1.29
0.058451939799331096,1.4962832710487104,152.07921534351678,115214.8367251252,1.29
0.0589176923076923,1.4962832710487588,152.07921534348776,115214.83672512685,1.29
0.0593834448160535,1.4962832710488085,152.07921534345812,115214.83672512865,1.29
0.05984919732441471,1.4962832710488594,152.07921534342805,115214.83672513068,1.29
0.06031494983277591,1.4962832710489125,152.0792153433974,115214.83672513289,1.29
0.06078070234113712,1.496283271048967,152.0792153433664,115214.83672513529,1.29
0.06124645484949832,1.496283271049023,152.07921534333497,115214.83672513791,1.29
0.06171220735785952,1.4962832710490805,152.079215343303,115214.83672514073,1.29
0.06217795986622073,1.4962832710491394,152.07921534327056,115214.83672514369,1.29
0.06264371237458193,1.4962832710492002,152.07921534323748,115214.8367251469,1.29
0.06310946488294313,1.496283271049262,152.07921534320403,115214.83672515028,1.29
0.06357521739130433,1.4962832710493246,152.07921534317015,115214.83672515384,1.29
0.06404096989966554,1.4962832710493885,152.0792153431357,115214.83672515757,1.29
0.06450672240802674,1.496283271049454,152.07921534310088,115214.83672516143,1.29
0.06497247491638794,1.4962832710495204,152.07921534306564,115214.8367251655,1.29
0.06543822742474915,1.496283271049588,152.07921534303006,115214.83672516976,1.29
0.06590397993311035,1.4962832710496563,152.07921534299396,115214.83672517419,1.29
0.06636973244147155,1.4962832710497251,152.07921534295738,115214.83672517876,1.29
0.06683548494983275,1.4962832710497955,152.07921534292046,115214.83672518349,1.29
0.06730123745819397,1.4962832710498668,152.079215342883,115214.83672518838,1.29
0.06776698996655517,1.496283271049938,152.07921534284515,115214.83672519338,1.29
0.06823274247491637,1.4962832710500107,152.07921534280683,115214.83672519855,1.29
0.06869849498327757,1.4962832710500837,152.07921534276812,115214.8367252038,1.29
0.06916424749163878,1.4962832710501583,152.0792153427291,115214.83672520926,1.29
0.06962999999999998,1.496283271050235,152.07921534268954,115214.83672521485,1.29
0.07009575250836118,1.4962832710503118,152.0792153426496,115214.83672522055,1.29
0.0705615050167224,1.4962832710503893,152.07921534260936,115214.83672522641,1.29
0.0710272575250836,1.4962832710504683,152.0792153425687,115214.83672523242,1.29
0.0714930100334448,1.4962832710505467,152.07921534252776,115214.83672523855,1.29
0.071958762541806,1.4962832710506253,152.0792153424865,115214.83672524481,1.29
0.07242451505016721,1.4962832710507037,152.0792153424448,115214.8367252511,1.29
0.07289026755852841,1.496283271050782,152.07921534240288,115214.83672525757,1.29
0.07335602006688961,1.4962832710508622,152.07921534236056,115214.8367252641,1.29
0.07382177257525081,1.4962832710509422,152.07921534231798,115214.83672527081,1.29
0.07428752508361203,1.4962832710510225,152.07921534227503,115214.83672527761,1.29
0.07475327759197323,1.4962832710511034,152.0792153422319,115214.8367252845,1.29
0.07521903010033443,1.4962832710511853,152.0792153421883,115214.83672529149,1.29
0.07568478260869563,1.4962832710512672,152.0792153421444,115214.83672529859,1.29
0.07615053511705684,1.4962832710513496,152.07921534210013,115214.83672530578,1.29
0.07661628762541804,1.4962832710514324,152.0792153420555,115214.83672531311,1.29
0.07708204013377924,1.4962832710515155,152.07921534201066,115214.83672532057,1.29
0.07754779264214046,1.4962832710515983,152.07921534196564,115214.83672532813,1.29
0.07801354515050166,1.4962832710516807,152.07921534192025,115214.83672533576,1.29
0.07847929765886286,1.4962832710517633,152.07921534187471,115214.83672534338,1.29
0.07894505016722406,1.496283271051846,152.07921534182887,115214.83672535114,1.29
0.07941080267558527,1.4962832710519292,152.07921534178269,115214.83672535901,1.29
0.07987655518394647,1.4962832710520126,152.07921534173624,115214.83672536697,1.29
0.08034230769230767,1.4962832710520964,152.07921534168952,115214.83672537499,1.29
0.08080806020066887,1.49628327105218,152.0792153416426,115214.83672538311,1.29
0.08127381270903009,1.4962832710522633,152.0792153415955,115214.83672539121,1.29
0.08173956521739129,1.496283271052347,152.07921534154812,115214.83672539944,1.29
0.08220531772575249,1.4962832710524352,152.07921534150051,115214.83672540767,1.29
0.0826710702341137,1.4962832710525238,152.07921534145257,115214.83672541605,1.29
0.0831368227424749,1.4962832710525926,152.07921534140448,115214.8367254244,1.29
0.0836025752508361,1.4962832710526262,152.0792153413561,115214.83672543282,1.29
0.0840683277591973,1.4962832710526999,152.07921534130762,115214.83672544132,1.29
0.08453408026755851,1.49628327105302,152.07921534125882,115214.83672544986,1.29
0.08499983277591971,1.4962832710535372,152.07921534120976,115214.8367254585,1.29
0.08546558528428091,1.496283271053109,152.07921534116045,115214.83672546725,1.29
0.08593133779264212,1.4962832710501135,152.07921534111074,115214.83672547627,1.29
0.08639709030100333,1.4962832710477256,152.07921534105765,115214.83672548516,1.29
0.08686284280936453,1.4962832710595988,152.07921534100697,115214.83672550072,1.29
0.08732859531772573,1.4962832710919005,152.07921534094413,115214.83672553166,1.29
0.08779434782608693,1.4962832710840657,152.07921534058795,115214.83672549984,1.29
0.08826010033444814,1.4962832709097604,152.07921534001207,115214.83672537359,1.29
0.08872585284280934,1.4962832706856954,152.07921534263355,115214.83672586073,1.29
0.08919160535117054,1.496283271191782,152.07921534758285,115214.83672589657,1.29
0.08965735785953176,1.4962832729943734,152.07921533250547,115214.83672037334,1.29
0.09012311036789296,1.4962832734277822,152.0792153027037,115214.8366988887,1.29
0.09058886287625416,1.4962832660384169,152.079215424736,115214.83667143005,1.29
0.09105461538461536,1.4962832511020494,152.0792157588703,115214.8367766248,1.29
0.09152036789297657,1.4962832558926555,152.07921574798362,115214.83758660403,1.29
0.09198612040133777,1.496283326999213,152.07921360432007,115214.8380246232,1.29
0.09245187290969897,1.4962834479666685,152.07921051419123,115214.83703638583,1.29
0.09291762541806017,1.4962833940905205,152.07921371729336,115214.83026393675,1.29
0.09338337792642139,1.496282714456014,152.07924156538778,115214.81480709989,1.29
0.09384913043478259,1.4962806581933021,152.07925963760755,115214.80279513235,1.29
0.09431488294314379,1.49627459687581,152.07915879025978,115214.77587675797,1.29
0.094780635451505,1.4962522107896652,152.07809422778334,115214.27408678166,1.29
0.0952463879598662,1.4961588879726198,152.07420846735138,115209.49599618709,1.29
0.0957121404682274,1.4963089383722905,152.08636426287967,115221.5004997832,1.2896000435213772
0.0961778929765886,1.496127259933919,152.1788942857544,115196.81493035269,1.2891810414961533
0.09664364548494982,1.4959236103184557,152.26084626930376,115172.92335241623,1.2887620394709292
0.09710939799331102,1.4957598070151514,152.3351210805695,115157.28043615997,1.2883430374457052
0.09757515050167222,1.4954827136608173,152.386659643838,115144.59154935752,1.2879240354204813
0.09804090301003342,1.4948108199886059,152.4529179581418,115119.02990061922,1.2875050333952573
0.09850665551839463,1.4925369525412038,152.39043867575563,115022.02395947053,1.2870860313700332
0.09897240802675583,1.4930723488357835,152.5451897868504,115152.34892104207,1.27936975766651
0.09943816053511703,1.4942734147563064,154.40105784193466,115133.15067986248,1.2596859584105768
0.09990391304347823,1.481732155855965,159.23767479308646,113695.46079784278,1.2400021591546437
0.10036966555183945,1.4700895581147984,163.6437522646628,112421.91501598732,1.22031835989871
0.10083541806020065,1.4618789347986019,167.33472598275046,111533.8701358949,1.2006345606427768
0.10130117056856185,1.4538915068291445,170.95342731494745,110695.0859779426,1.1809507613868437
0.10176692307692306,1.4447575810332158,174.82051206861436,109744.1527760288,1.1612669621309102
0.10223267558528426,1.4363806888642674,178.88616562429783,108795.67484763458,1.141583162874977
0.10269842809364546,1.4258609563540043,182.8097504518373,107687.92068143007,1.126345287302785
0.10316418060200666,1.4165145433381792,186.3855138927241,106713.42828148855,1.1121979213133977
0.10362993311036788,1.4076558047284178,189.9364902931878,105782.84826907674,1.09805055532401
0.10409568561872908,1.3981397448237125,193.6991096887285,104782.15492168038,1.0839031893346227
0.10456143812709028,1.3876748769282332,197.72881096220516,103688.50483018803,1.0697558233452353
0.10502719063545148,1.3763129200834652,201.99137518398842,102518.29142484843,1.055608457355848
0.10549294314381269,1.364631501879872,206.39427629534643,101306.49866416023,1.0414610913664604
0.10595869565217389,1.3534746187305553,210.81828770587967,100103.01383551784,1.0283591678807191
0.10642444816053509,1.3408971104624465,214.9267496928688,98823.06233359144,1.018811748907372
0.1068902006688963,1.3300931481747478,218.72535238661834,97714.85133608732,1.0092643299340245
0.1073559531772575,1.3192356543859236,222.59121061410679,96600.51918268243,0.9997169109606775
0.1078217056856187,1.3073740161700889,226.75018407988776,95385.6936732666,0.9901694919873304
0.1082874581939799,1.2942282525741813,231.25883013099204,94050.76322126617,0.9806220730139832
0.10875321070234112,1.279939999276698,236.06069214903536,92616.75561929087,0.9710746540406359
0.10921896321070232,1.2658456541968217,240.99380512413035,91170.66098237869,0.9615272350672888
0.10968471571906352,1.2510978366434675,245.74849010774048,89676.03811590385,0.9546473626724119
0.11015046822742472,1.2373790349829459,249.98523414221646,88313.25593582941,0.9491943175171826
0.11061622073578593,1.2248025658798036,254.00897025943243,87061.87727323383,0.9437412723619534
0.11108197324414713,1.2118626765117908,258.1747262917397,85776.62079357413,0.9382882272067242
0.11154772575250833,1.1975596171449012,262.74665593818605,84361.06777532473,0.9328351820514951
0.11201347826086953,1.1812951455712617,267.84880966402653,82771.77635601473,0.9273821368962658
0.11247923076923075,1.1634030740028674,273.39003195969843,81044.18153475139,0.9219290917410365
0.11294498327759195,1.1467058035585935,278.866207937128,79378.01215238846,0.9168092839133786
0.11341073578595315,1.1299592889455636,283.5862536696974,77767.72910561948,0.9157549714820895
0.11387648829431436,1.1168267005710848,287.34930806439104,76511.91001250272,0.9147006590508006
0.11434224080267556,1.105482118163644,290.67866091471336,75426.7208000263,0.9136463466195115
0.11480799331103676,1.0947208302227556,293.87356007460437,74400.80999733333,0.9125920341882225
0.11527374581939796,1.0834761349600628,297.2284778934536,73333.9427199671,0.9115377217569336
0.11573949832775918,1.0706843634649714,301.0322470747093,72130.0250360564,0.9104834093256445
0.11620525083612038,1.0556464953644145,305.53564998462696,70715.32716352794,0.9094290968943555
0.11667100334448158,1.0388988077617056,310.47182313569897,69137.2517228347,0.9095690416311267
0.11713675585284278,1.0232245035393526,314.8432521262013,67688.20881463996,0.9109032435359572
0.11760250836120399,1.0100404120782802,318.54852247940426,66471.89478061582,0.9122374454407877
0.11806826086956519,0.9986025637266763,321.77576610794586,65420.84220221912,0.9135716473456181
0.11853401337792639,0.988145310633733,324.72489110812336,64464.58664332013,0.9149058492504486
0.1189997658862876,0.9780335193034094,327.6149357685657,63541.62725923686,0.9162400511552791
0.1194655183946488,0.9675401860111443,330.62328201906894,62590.97214397327,0.9175742530601095
0.11993127090301,0.9561243255614941,334.0424387158967,61545.070552269266,0.91890845496494
0.1203970234113712,0.9425670470152003,337.75941337511347,60335.8889078078,0.9218776881067505
0.12086277591973242,0.9294316701767225,341.40238806214234,59165.182314378966,0.9249809402024122
0.12132852842809362,0.9173569282431189,344.76279191638747,58092.73453475678,0.9280841922980738
0.12179428093645482,0.9063012784508976,347.8321072645854,57115.21182239132,0.9311874443937354
0.12226003344481602,0.895972307767149,350.70000128399596,56206.158104097376,0.934290696489397
0.12272578595317724,0.8858939247798755,353.5064896405614,55324.73554599177,0.9373939485850588
0.12319153846153844,0.8755492450189892,356.46188606672,54418.96544659792,0.9404972006807203
0.12365729096989964,0.864169452205113,359.7103723565344,53425.66111385153,0.9442220905783847
0.12412304347826084,0.8516622965258446,363.1217545034446,52351.95089019773,0.9491091728884887
0.12458879598662204,0.8395967428377391,366.45979763896617,51317.720350718155,0.9539962551985928
0.12505454849498326,0.8282111022340833,369.6152012584029,50346.504809146194,0.958883337508697
0.12552030100334446,0.8175302091658866,372.5647302937269,49439.81875038161,0.9637704198188011
0.12598605351170566,0.8074133493171616,375.363337492672,48585.026687080506,0.968657502128905
0.12645180602006686,0.7974131369949202,378.1293292542222,47747.9050316026,0.973544584439009
0.12691755852842806,0.7870894040907765,381.1406488817586,46874.54596311058,0.9784316667491131
0.12738331103678927,0.7751251863966215,384.4243355732693,45883.5932707296,0.9850487174558193
0.12784906354515047,0.762924145654487,387.77733917718444,44878.623622223204,0.9921745823968205
0.12831481605351167,0.7511657623719097,391.0426509024984,43913.84581603164,0.9993004473378219
0.1287805685618729,0.7399580457662902,394.1615990262377,42999.40289563899,1.0064263122788235
0.1292463210702341,0.7293123582835945,397.1193434847904,42135.91426946383,1.0135521772198248
0.1297120735785953,0.7191173268010236,399.95412014413955,41314.12282306049,1.020678042160826
0.1301778260869565,0.7091015900594022,402.7679338593747,40511.1255424705,1.0278039071018272
0.1306435785953177,0.6988689151452153,405.71059608237516,39689.84647477115,1.0352407616889991
0.1311093311036789,0.6879241750356994,408.7354546795054,38825.8465291559,1.0439454971413271
0.1315750836120401,0.6773193206889729,411.7069469752311,37991.197788626414,1.0526502325936553
0.13204083612040132,0.6671066433614278,414.58311477462564,37191.803773437976,1.061354968045984
0.13250658862876252,0.6572875871772041,417.3554973066871,36427.70167191299,1.070059703498312
0.13297234113712372,0.6478452568739622,420.02610229952325,35697.22351780085,1.0787644389506401
0.13343809364548492,0.6387329398793719,422.6087651298486,34996.54319686517,1.0874691744029683
0.13390384615384612,0.629892640060825,425.13296203140766,34319.79254847097,1.0961739098552963
0.13436959866220732,0.621200122138016,427.613321749635,33658.51614114595,1.1050628160885598
0.13483535117056852,0.6127101652093601,430.03671768593875,33016.53825164135,1.1140640215784914
0.13530110367892972,0.6044871825275455,432.3932605906494,32397.921876040047,1.123065227068423
0.13576685618729095,0.5965217753567926,434.6829299120635,31801.842974696952,1.1320664325583552
0.13623260869565215,0.5888065529388068,436.905910035726,31227.487366119763,1.1410676380482867
0.13669836120401335,0.5813322119171331,439.06372275622795,30673.963445251768,1.1500688435382183
0.13716411371237455,0.5740644606519285,441.1677070782358,30138.68383404982,1.1590700490281498
0.13762986622073575,0.5669616721580264,443.24402853804816,29617.181902921428,1.1680835635929558
0.13809561872909695,0.5599086452865897,445.29361711257246,29103.047143411834,1.1773555687301218
0.13856137123745815,0.5530447534216695,447.2983370597989,28604.872917385106,1.1866275738672878
0.13902712374581938,0.5463682227950407,449.25476019288345,28122.60446372304,1.1958995790044544
0.13949287625418058,0.5398698336348176,451.16488852730174,27655.456553461503,1.2051715841416204
0.13995862876254178,0.5335349287980361,453.03407080687947,27202.224263924156,1.2144435892787864
0.14042438127090298,0.527359069236837,454.86377516562044,26762.277765091596,1.2237155944159523
0.14089013377926418,0.5213624703661888,456.6386854253245,26337.41271965617,1.2329875995531183
0.14135588628762538,0.5156166883392865,458.3403859895565,25932.129184371595,1.2421135353408386
0.14182163879598658,0.5100995160269088,459.9868959772604,25544.49837955063,1.2510745541211203
0.1422873913043478,0.5046512056520867,461.6232265123721,25163.16405921606,1.2600355729014026
0.142753143812709,0.4993095256503376,463.3264545128286,24783.056302439792,1.2689965916816843
0.1432188963210702,0.4937651168572463,465.0011607668385,24406.103175690558,1.2779576104619659
0.1436846488294314,0.48791085612029567,467.0814254601749,23996.096082496642,1.2869186292422476
0.1441504013377926,0.4832167740546004,468.5022461148863,23656.626441455155,1.2958796480225292
0.1446161538461538,0.4797498532670916,469.0920391676884,23436.841310637017,1.304840666802811
0.145081906354515,0.4778364402172836,468.93132501634324,23313.856912333973,1.3137548520537456
0.1455476588628762,0.48278522946279967,464.91790001180124,23671.3327778587,1.3226634807842494
0.14601341137123744,0.514002332401917,447.52397472787015,25869.129031681507,1.3315721095147537
0.14647916387959864,0.6277639744701632,383.95321509123795,35395.69045969823,1.3404807382452573
0.14694491638795984,0.8617077663590839,277.798716423761,57424.36563633545,1.349389366975761
0.14741066889632104,1.0228785342550237,221.74020523796938,73985.33545267605,1.3582979957062646
0.14787642140468224,1.0856817514768764,201.10241682211995,80602.51172770352,1.3672066244367684
0.14834217391304344,1.1103823069725314,192.99213469339227,83170.9305518759,1.3761866713018225
0.14880792642140464,1.1214469098379403,189.17168499583488,84307.81363499658,1.3853197570266278
0.14927367892976587,1.127047583134034,186.76075799400147,84895.95068670047,1.3944528427514333
0.14973943143812707,1.1305974901630051,184.93873890212654,85273.00200932041,1.4035859284762386
0.15020518394648827,1.1337147411808004,183.2725677274278,85603.37507447769,1.4127190142010437
0.15067093645484947,1.136943484367218,181.59152429610035,85945.70354538677,1.4218520999258488
0.15113668896321067,1.1402266642439143,179.9047203463736,86294.01040846396,1.430985185650654
0.15160244147157187,1.1434990246934869,178.250619920169,86638.12814613363,1.4401182713754592
0.15206819397993307,1.1465787746405616,176.6194468419756,86965.40780303397,1.449578632840345
0.15253394648829427,1.149637746375364,174.9944804715255,87291.31278673098,1.4591525389497488
0.1529996989966555,1.152660517907154,173.39416493894413,87613.15715891417,1.468726445059153
0.1534654515050167,1.1555842778152605,171.8335051290326,87924.62895566675,1.4783003511685568
0.1539312040133779,1.15841154522307,170.31187942352597,88225.60789396723,1.4878742572779606
0.1543969565217391,1.161155842911232,168.8263384462479,88517.22838131417,1.4974481633873642
0.1548627090301003,1.1637922617092522,167.3792341922465,88798.92855000423,1.507022069496768
0.1553284615384615,1.166269732031557,165.9725033748386,89067.55326219642,1.5165024751473926
0.1557942140468227,1.168787992089817,164.6273785370616,89334.92327619053,1.5255153785041218
0.15625996655518393,1.1710939507831222,163.34147534506423,89581.24529240037,1.5345282818608519
0.15672571906354513,1.173324925008637,162.08255622983086,89820.1536231529,1.543541185217581
0.15719147157190633,1.1755178381251583,160.8418206682223,90055.17987167943,1.5525540885743105
0.15765722408026753,1.1776647303290981,159.6221860765253,90285.14363812425,1.5615669919310398
0.15812297658862873,1.1797556960100972,158.42687707179223,90509.25949688659,1.5705798952877692
0.15858872909698993,1.1817578517016398,157.25565795520757,90725.63569053859,1.5795927986444986
0.15905448160535113,1.1837338987088952,156.11354612958888,90938.41637819175,1.5884514515878985
0.15952023411371233,1.1856518157534994,155.00600109089362,91144.14444240966,1.5972033157836087
0.15998598662207356,1.1874908695909663,153.9243319463709,91341.9604642886,1.6059551799793197
0.16045173913043476,1.189290537115647,152.8593386799266,91535.78538852608,1.61470704417503
0.16091749163879596,1.1910560951424132,151.80998885591126,91726.03640189204,1.6234589083707403
0.16138324414715716,1.1927842662758885,150.77729695296097,91912.27625381877,1.6322107725664505
0.16184899665551836,1.194472946724033,149.7618206308561,92094.45185128434,1.6409626367621608
0.16231474916387956,1.196111080393486,148.7626771788076,92271.8899313619,1.6497134605480386
0.16278050167224076,1.1977344058047257,147.78205300606922,92446.97191251599,1.6583966576948095
0.16324625418060199,1.1993048664263528,146.82021987488324,92616.70965109054,1.6670798548415808
0.16371200668896319,1.2008403321889516,145.87302043744566,92782.90226442831,1.6757630519883517
0.16417775919732439,1.2023480344785615,144.9393443404903,92945.94909825425,1.6844462491351226
0.16464351170568559,1.2038309940652625,144.0196926810625,93105.54235445306,1.6931294462818935
0.16510926421404679,1.2052825511576037,143.11695011443985,93261.53870243263,1.7018126434286645
0.16557501672240799,1.2066331825891603,142.2326563171896,93410.21537223652,1.7104958405754354
0.1660407692307692,1.2079643976306613,141.3746321595778,93556.86045070727,1.7188684227260982
0.16650652173913041,1.2093140032404468,140.5597589693605,93701.37789314914,1.7268447029851755
0.16697227424749161,1.2105362002854834,139.77636279305506,93833.41173354686,1.7348209832442525
0.16743802675585281,1.2117354986410656,139.0015095555655,93963.39282356783,1.7427972635033293
0.16790377926421401,1.2129257610661555,138.23246750457494,94092.6579791779,1.7507735437624061
0.16836953177257521,1.214096426794576,137.47219920648283,94220.05265321942,1.758749824021483
0.16883528428093642,1.2152469772663632,136.7207485933921,94345.16227167925,1.7667261042805598
0.16930103678929762,1.2164009509703926,135.9783033695034,94469.60188854802,1.7747023845396368
0.16976678929765882,1.2175038710251387,135.24028310530338,94589.85684577031,1.782797869068887
0.17023254180602004,1.2186112891488436,134.50453009578595,94710.58847688104,1.7909121753250072
0.17069829431438124,1.2197059552060732,133.77675550657818,94829.86731004859,1.7990264815811272
0.17116404682274244,1.2207798483899377,133.0588181463164,94946.77651662008,1.807140787837247
0.17162979933110364,1.2218370997147074,132.3500021423592,95061.51095222826,1.8152550940933667
0.17209555183946484,1.2228776589121506,131.65070270063646,95174.2428900966,1.8233694003494867
0.17256130434782604,1.2238765644749412,130.96203524782118,95283.83038187247,1.8314837066056064
0.17302705685618724,1.2248385338196404,130.28538177805137,95390.50081555694,1.8394911617683383
0.17349280936454847,1.2258382210859224,129.63018362282844,95498.43047515575,1.8472343010684786
0.17395856187290967,1.2267605049205494,128.99413872313374,95598.87016754001,1.8549774403686183
0.17442431438127087,1.2276666239168026,128.36447470338868,95697.82543909825,1.8627205796687583
0.17489006688963207,1.2285701795532755,127.7396257141389,95795.97050317349,1.8704637189688982
0.17535581939799327,1.2294687171669154,127.1218964424729,95892.40611944221,1.8782068582690379
0.17582157190635447,1.230345474559679,126.51659011111369,95987.10503483597,1.8859499975691778
0.17628732441471567,1.2310843844158685,125.92105758041325,96072.86364508767,1.8936931368693177
0.17675307692307687,1.2319413480185193,125.35026170504403,96166.4959746527,1.9008202976270137
0.1772188294314381,1.232733976083542,124.81757039881747,96251.59076732582,1.9076984457824457
0.1776845819397993,1.2334546671015894,124.30072951281319,96329.88608517572,1.9145765939378774
0.1781503344481605,1.2341736788881252,123.78507259528685,96408.36180393588,1.921454742093309
0.1786160869565217,1.2348904660710662,123.27165208071838,96486.80103691164,1.9283328902487407
0.1790818394648829,1.2355971523960072,122.7627562918197,96564.25224550655,1.9352110384041723
0.1795475919732441,1.2362970443300798,122.25820623245741,96640.73556005093,1.942089186559604
0.1800133444816053,1.236998712293506,121.75785693613868,96716.91924547685,1.9489800515315985
0.18047909698996653,1.237671091708205,121.25895159207181,96790.86248629271,1.9559514563418245
0.18094484949832773,1.2383514839506047,120.76118109343601,96865.5497061601,1.9629228611520506
0.18141060200668893,1.2390237153911114,120.26806552655317,96939.29399405706,1.9698942659622765
0.18187635451505013,1.2396877388603351,119.77994138556255,97011.8475597734,1.9768656707725023
0.18234210702341133,1.2403469129756386,119.29649021830956,97083.32522124832,1.9838370755827281
0.18280785953177253,1.2409957668005298,118.81946020027544,97153.86749272785,1.990808480392954
0.18327361204013373,1.2415851085830931,118.34822348230551,97220.5240251635,1.9977798852031798
0.18373936454849496,1.2422041005210331,117.88818531752064,97289.13802416927,2.004484284007824
0.18420511705685616,1.242822498761574,117.44767595504149,97356.002798165,2.0109794078351197
0.18467086956521736,1.2433883569184432,117.01853686240305,97417.97713448733,2.0174745316624154
0.18513662207357856,1.2439512556017447,116.5912523250145,97479.73238063308,2.023969655489711
0.18560237458193976,1.2445192007681902,116.16585879834346,97541.21727393921,2.0304647793170068
0.18606812709030096,1.2450882976582887,115.74466057222105,97601.67485056713,2.0369599031443024
0.18653387959866216,1.2456375694227813,115.33369262315503,97661.50036770955,2.043455026971598
0.18699963210702336,1.2460284886888644,114.92587759904805,97711.1674874937,2.0499501507988938
0.1874653846153846,1.2466437611073067,114.54105195436028,97776.12883981045,2.0556233559202717
0.1879311371237458,1.2471079425881797,114.18766812047853,97826.21860561025,2.0612839161384815
0.188396889632107,1.2475541489295023,113.83755334786444,97874.93138701569,2.066944476356691
0.1888626421404682,1.2480090257131429,113.48551694328296,97924.82393067468,2.0726050365749007
0.1893283946488294,1.2484615522468885,113.13496858742117,97974.58265505958,2.0782655967931105
0.1897941471571906,1.248908036755191,112.78700234537122,98023.69263360657,2.08392615701132
0.1902598996655518,1.2493541796886007,112.44131603504046,98072.52629474607,2.0895867172295297
0.19072565217391302,1.2497954283381107,112.09729822098599,98120.8379430283,2.0952712398119355
0.19119140468227422,1.2502275440811215,111.75375398807017,98168.50108953963,2.100990374698179
0.19165715719063542,1.2506621544849836,111.41126958729049,98216.3626629396,2.1067095095844226
0.19212290969899662,1.2510926199204464,111.07125254608574,98263.72367135396,2.112428644470666
0.19258866220735782,1.2515192400486699,110.73368555067785,98310.53846373051,2.1181477793569097
0.19305441471571902,1.2519429537092963,110.39843818738478,98356.87834863209,2.1238669142431537
0.19352016722408022,1.252361344866463,110.06618978293378,98402.81719029402,2.129586049129397
0.19398591973244142,1.252755103740573,109.7360476290712,98447.0330901633,2.1353051840156407
0.19445167224080265,1.253173905959168,109.41091128511543,98492.90109766301,2.1409018731634304
0.19491742474916385,1.2535715181666007,109.09257685162285,98536.66070379895,2.1464740731635286
0.19538317725752505,1.2539589731933822,108.77693203437147,98579.57509851674,2.1520462731636267
0.19584892976588625,1.2543496443456803,108.4626470261302,98622.30059280548,2.1576184731637253
0.19631468227424745,1.2547496460898993,108.15040599415381,98664.41882628543,2.1631906731638235
0.19678043478260865,1.255149998408351,107.84332747269147,98705.76654164799,2.1687628731639217
0.19724618729096985,1.2554771097998194,107.54613878526209,98743.77703953254,2.1743350731640203
0.19771193979933108,1.2557185425051016,107.2556625548923,98777.00207120055,2.1795942931325643
0.19817769230769228,1.2561573827375274,106.99366133820143,98822.41294230305,2.183951394186624
0.19864344481605348,1.2564451119089675,106.76023727990994,98853.1949227846,2.188308495240684
0.19910919732441468,1.2567215968478231,106.52773393465345,98883.34962930971,2.192665596294744
0.19957494983277588,1.2570082784021537,106.2923229759382,98914.85595172617,2.1970226973488045
0.20004070234113708,1.2572941793271624,106.05744259917077,98946.37034864783,2.2013797984028645
0.20050645484949828,1.2575766419581058,105.82396577218039,98977.48065179837,2.2057368994569244
0.20097220735785948,1.257860497817004,105.5916984993708,99008.55622961503,2.210094000510985
0.2014379598662207,1.2581379316096466,105.35998631126833,99039.13511661955,2.2144734741253127
0.2019037123745819,1.2584135418881197,105.12836763604929,99069.70903878003,2.2188633882677657
0.2023694648829431,1.2586882238834016,104.89756693667447,99100.2507888402,2.223253302410219
0.2028352173913043,1.2589632683064491,104.66806692868863,99130.51678235362,2.227643216552672
0.2033009698996655,1.259244047383657,104.43977462214464,99160.37102756464,2.232033130695125
0.2037667224080267,1.2595285280053674,104.21387249628474,99189.77543116335,2.236423044837578
0.2042324749163879,1.2597845804973933,103.99485538423599,99218.37181479018,2.240812958980031
0.20469822742474914,1.2599317062638224,103.77738836882705,99240.29764269604,2.2451148670340912
0.20516397993311034,1.2602632915971648,103.57698200703298,99274.64275379696,2.24867500948598
0.20562973244147154,1.2604764045650252,103.39870182640546,99297.52797345107,2.2522351519378687
0.20609548494983274,1.2606804874028439,103.2211920041628,99319.85766625284,2.255795294389758
0.20656123745819394,1.2608950573096542,103.04128933310994,99343.21730553749,2.2593554368416466
0.20702698996655514,1.2611127624448064,102.86181839626805,99366.52187901517,2.262915579293536
0.20749274247491634,1.26132574552231,102.68498362686184,99389.54399620954,2.2664757217454246
0.20795849498327756,1.2614984129960993,102.50995987600318,99410.23330339618,2.2700358641973137
0.20842424749163876,1.2616953812864782,102.33928612928588,99432.77962047257,2.2733781154033994
0.20888999999999996,1.2619083166510507,102.17930268015851,99455.44715688328,2.2765273772203445
0.20935575250836116,1.2620871713016177,102.02539577771782,99474.90930557878,2.27967663903729
0.20982150501672236,1.2622662017526671,101.87089461272654,99494.57943826688,2.282825900854235
0.21028725752508357,1.2624472174860955,101.71589546326989,99514.54446929999,2.28597516267118
0.21075301003344477,1.2626271975563506,101.56137964604694,99534.41507452197,2.2891244244881257
0.21121876254180597,1.2628062855896118,101.40739260046126,99554.13638206989,2.292273686305071
0.2116845150501672,1.2629868955010382,101.25395175570115,99573.91651610628,2.2954229481220163
0.2121502675585284,1.263161697448894,101.10066330710423,99593.33310466168,2.298587895062031
0.2126160200668896,1.263336030955235,100.94737730542286,99612.90005941116,2.301753588912668
0.2130817725752508,1.2635095327303545,100.79465467809732,99632.37671834508,2.3049192827633056
0.213547525083612,1.2636890360793291,100.6425946710433,99651.64676823873,2.3080849766139426
0.2140132775919732,1.2638813547464718,100.49140544139925,99670.51081844518,2.3112506704645797
0.2144790301003344,1.2640732889155037,100.34434078739454,99689.04550949516,2.3144163643152167
0.21494478260869562,1.2641809617497586,100.20453301538025,99703.87344849463,2.317582058165854
0.21541053511705682,1.2642673713988188,100.0689994347181,99718.28328115774,2.320341849906033
0.21587628762541802,1.2644798097573684,99.9540235477988,99739.81106785429,2.322435962185062
0.21634204013377922,1.2645933845669604,99.85715299453004,99751.80136042967,2.3245300744640907
0.21680779264214042,1.2646994275081356,99.76083875699177,99763.32216628543,2.326624186743119
0.21727354515050162,1.264813687136215,99.66231451607189,99775.72227243452,2.3287182990221478
0.21773929765886282,1.2649298652443697,99.56378528389237,99788.17647048294,2.3308124113011766
0.21820505016722402,1.2650428400608753,99.46671049563892,99800.51242367364,2.3329065235802053
0.21867080267558525,1.2651312696292945,99.36982616539872,99811.30994893689,2.335000635859234
0.21913655518394645,1.2652507287566532,99.27573860167314,99824.3822485981,2.3369474246991198
0.21960230769230765,1.2653539415841402,99.18667162303912,99835.84886503626,2.338858077601103
0.22006806020066885,1.2654490516467984,99.09868825729173,99846.69230684981,2.3407687305030858
0.22053381270903005,1.2655524063541546,99.01031666583566,99857.6927578144,2.3426793834050685
0.22099956521739125,1.2656722884901148,98.92203821122708,99868.44259104253,2.3445900363070518
0.22146531772575245,1.265798151253402,98.83647634551438,99878.78132749676,2.3465006892090345
0.22193107023411368,1.2658658414664146,98.75964377315994,99887.59980225113,2.3484113421110178
0.22239682274247488,1.2658426724914167,98.68387570208795,99891.67303982696,2.350108168337879
0.22286257525083608,1.2659940226284314,98.6206077210415,99906.80982912051,2.3510779838693248
0.22332832775919728,1.266051979169963,98.57532091022792,99912.78470286555,2.3520477994007702
0.22379408026755848,1.2660957281038487,98.53290577176244,99917.47415785477,2.353017614932216
0.22425983277591968,1.2661453776444953,98.48871894387523,99922.89222722048,2.3539874304636617
0.22472558528428088,1.266196919671441,98.44403039541189,99928.53058761454,2.3549572459951076
0.22519133779264208,1.2662474085425546,98.39965528766918,99934.09004012277,2.355927061526553
0.2256570903010033,1.266294887699447,98.3554231819575,99939.45647580785,2.356896877057999
0.2261228428093645,1.2663448552515204,98.31148827243594,99945.01364401967,2.357851531934893
0.2265885953177257,1.2663945851930027,98.26817336442744,99950.479783592,2.358798077624469
0.2270543478260869,1.2664436539144508,98.22510430091052,99955.81396155115,2.359744623314044
0.2275201003344481,1.266494001648779,98.18199149098876,99961.16601132107,2.3606911690036196
0.2279858528428093,1.2665437232697923,98.13887797271424,99966.51832476651,2.3616377146931953
0.2284516053511705,1.2665876489845835,98.09590552050997,99971.86561195181,2.362584260382771
0.22891735785953174,1.2666218383020516,98.05312534743693,99977.13229431826,2.3635308060723466
0.22938311036789294,1.2666546806921042,98.01017760356746,99981.85622577244,2.364475588602108
0.22984886287625414,1.266739547226259,97.96909243188601,99987.03017801829,2.3653988605821357
0.23031461538461534,1.2669505052209926,97.92817515747645,99991.83692693031,2.366322132562163
0.23078036789297654,1.2672481808811376,97.88484040996207,99993.60454719506,2.3672454045421905
0.23124612040133774,1.26733522734305,97.85170258187782,99996.77162595386,2.3681686765222176
0.23171187290969894,1.2670301995175333,97.80658530741464,100005.91370960858,2.3690919485022452
0.23217762541806017,1.2665191284305528,97.77722196420875,100013.57006654672,2.3700152204822724
0.23264337792642137,1.2657538467642055,97.75080132961119,100007.51775228158,2.3709384924623
